Measure,Dimension,Group,Year,Score,National,Gap
Access,National,National average,2020,69.4,69.4,0.0
Access,National,National average,2021,70.0,70.0,0.0
Access,National,National average,2022,72.0,72.0,0.0
Access,National,National average,2024,76.8,76.8,0.0
Access,Age,18-34,2020,74.1,69.4,4.6
Access,Age,18-34,2021,75.3,70.0,5.3
Access,Age,18-34,2022,77.0,72.0,5.0
Access,Age,18-34,2024,79.8,76.8,3.0
Access,Age,35-44,2020,72.9,69.4,3.5
Access,Age,35-44,2021,74.1,70.0,4.1
Access,Age,35-44,2022,77.2,72.0,5.2
Access,Age,35-44,2024,80.7,76.8,3.9
Access,Age,45-54,2020,70.7,69.4,1.3
Access,Age,45-54,2021,72.4,70.0,2.4
Access,Age,45-54,2022,74.2,72.0,2.2
Access,Age,45-54,2024,78.5,76.8,1.7
Access,Age,55-64,2020,67.9,69.4,-1.5
Access,Age,55-64,2021,67.9,70.0,-2.1
Access,Age,55-64,2022,70.0,72.0,-1.9
Access,Age,55-64,2024,77.2,76.8,0.4
Access,Age,65-74,2020,62.9,69.4,-6.6
Access,Age,65-74,2021,61.6,70.0,-8.4
Access,Age,65-74,2022,66.2,72.0,-5.8
Access,Age,65-74,2024,73.1,76.8,-3.7
Access,Age,75+,2020,53.9,69.4,-15.6
Access,Age,75+,2021,53.5,70.0,-16.5
Access,Age,75+,2022,54.0,72.0,-18.0
Access,Age,75+,2024,61.1,76.8,-15.7
Access,Gender,Male,2020,70.0,69.4,0.6
Access,Gender,Male,2021,70.6,70.0,0.6
Access,Gender,Male,2022,72.4,72.0,0.4
Access,Gender,Male,2024,77.4,76.8,0.6
Access,Gender,Female,2020,68.8,69.4,-0.6
Access,Gender,Female,2021,69.8,70.0,-0.2
Access,Gender,Female,2022,71.7,72.0,-0.3
Access,Gender,Female,2024,76.1,76.8,-0.7
Access,Education levels,Did not complete secondary school,2020,59.8,69.4,-9.6
Access,Education levels,Did not complete secondary school,2021,57.0,70.0,-13.0
Access,Education levels,Did not complete secondary school,2022,59.2,72.0,-12.7
Access,Education levels,Did not complete secondary school,2024,65.0,76.8,-11.8
Access,Education levels,Completed secondary school,2020,67.6,69.4,-1.8
Access,Education levels,Completed secondary school,2021,68.3,70.0,-1.7
Access,Education levels,Completed secondary school,2022,70.7,72.0,-1.3
Access,Education levels,Completed secondary school,2024,74.6,76.8,-2.2
Access,Education levels,Certificate / diploma,2020,71.5,69.4,2.1
Access,Education levels,Certificate / diploma,2021,71.9,70.0,1.9
Access,Education levels,Certificate / diploma,2022,74.1,72.0,2.1
Access,Education levels,Certificate / diploma,2024,78.6,76.8,1.8
Access,Education levels,Bachelor and above,2020,73.0,69.4,3.6
Access,Education levels,Bachelor and above,2021,74.6,70.0,4.6
Access,Education levels,Bachelor and above,2022,76.0,72.0,4.0
Access,Education levels,Bachelor and above,2024,80.3,76.8,3.5
Access,Education levels,Other,2020,65.0,69.4,-4.4
Access,Education levels,Other,2021,62.1,70.0,-7.9
Access,Education levels,Other,2022,61.4,72.0,-10.6
Access,Education levels,Other,2024,63.2,76.8,-13.6
Access,Employment,Employed,2020,73.1,69.4,3.7
Access,Employment,Employed,2021,74.5,70.0,4.5
Access,Employment,Employed,2022,76.6,72.0,4.6
Access,Employment,Employed,2024,80.5,76.8,3.7
Access,Employment,Unemployed,2020,67.9,69.4,-1.5
Access,Employment,Unemployed,2021,67.5,70.0,-2.5
Access,Employment,Unemployed,2022,68.0,72.0,-3.9
Access,Employment,Unemployed,2024,73.5,76.8,-3.3
Access,Employment,Not in labour force,2020,64.1,69.4,-5.3
Access,Employment,Not in labour force,2021,63.1,70.0,-6.9
Access,Employment,Not in labour force,2022,64.6,72.0,-7.4
Access,Employment,Not in labour force,2024,71.0,76.8,-5.8
Access,People with disability,People with disability,2020,60.7,69.4,-8.7
Access,People with disability,People with disability,2021,62.5,70.0,-7.5
Access,People with disability,People with disability,2022,63.1,72.0,-8.8
Access,People with disability,People with disability,2024,71.5,76.8,-5.3
Access,People with disability,People without disability,2020,71.0,69.4,1.5
Access,People with disability,People without disability,2021,71.4,70.0,1.4
Access,People with disability,People without disability,2022,73.7,72.0,1.7
Access,People with disability,People without disability,2024,77.8,76.8,1.0
Access,First Nations,First Nations (national average),2022,64.0,72.0,-8.0
Access,First Nations,First Nations (national average),2024,64.3,76.8,-12.5
Access,First Nations,First Nations (urban),2022,69.2,72.0,-2.8
Access,First Nations,First Nations (urban),2024,69.4,76.8,-7.4
Access,First Nations,First Nations (inner regional),2024,66.3,76.8,-10.5
Access,First Nations,First Nations (outer regional),2024,67.1,76.8,-9.8
Access,First Nations,First Nations (remote),2022,34.6,72.0,-37.4
Access,First Nations,First Nations (remote),2024,55.9,76.8,-20.9
Access,First Nations,First Nations (very remote),2022,34.1,72.0,-37.9
Access,First Nations,First Nations (very remote),2024,37.3,76.8,-39.6
Access,Remoteness,Major Cities of Australia,2022,73.3,72.0,1.3
Access,Remoteness,Major Cities of Australia,2024,78.3,76.8,1.5
Access,Remoteness,Inner Regional Australia,2022,70.4,72.0,-1.6
Access,Remoteness,Inner Regional Australia,2024,73.4,76.8,-3.4
Access,Remoteness,Outer Regional Australia,2022,66.5,72.0,-5.5
Access,Remoteness,Outer Regional Australia,2024,72.7,76.8,-4.1
Access,Remoteness,Remote Australia,2022,67.0,72.0,-5.0
Access,Remoteness,Remote Australia,2024,70.8,76.8,-6.0
Access,Remoteness,Very Remote Australia,2022,55.1,72.0,-16.9
Access,Remoteness,Very Remote Australia,2024,57.4,76.8,-19.4
Access,Capital cities,Metro,2020,71.4,69.4,1.9
Access,Capital cities,Metro,2021,71.9,70.0,1.8
Access,Capital cities,Metro,2022,73.3,72.0,1.3
Access,Capital cities,Metro,2024,78.3,76.8,1.5
Access,Capital cities,Regional,2020,65.5,69.4,-3.9
Access,Capital cities,Regional,2021,66.3,70.0,-3.7
Access,Capital cities,Regional,2022,69.3,72.0,-2.7
Access,Capital cities,Regional,2024,73.8,76.8,-3.0
Digital Ability,National,National average,2020,63.6,63.6,0.0
Digital Ability,National,National average,2021,64.4,64.4,0.0
Digital Ability,National,National average,2022,64.9,64.9,0.0
Digital Ability,National,National average,2024,73.6,73.6,0.0
Digital Ability,Age,18-34,2020,82.2,63.6,18.6
Digital Ability,Age,18-34,2021,81.6,64.4,17.2
Digital Ability,Age,18-34,2022,82.9,64.9,18.0
Digital Ability,Age,18-34,2024,88.9,73.6,15.3
Digital Ability,Age,35-44,2020,75.4,63.6,11.8
Digital Ability,Age,35-44,2021,74.2,64.4,9.9
Digital Ability,Age,35-44,2022,77.2,64.9,12.3
Digital Ability,Age,35-44,2024,80.1,73.6,6.6
Digital Ability,Age,45-54,2020,61.2,63.6,-2.4
Digital Ability,Age,45-54,2021,64.2,64.4,-0.1
Digital Ability,Age,45-54,2022,69.4,64.9,4.5
Digital Ability,Age,45-54,2024,74.1,73.6,0.5
Digital Ability,Age,55-64,2020,53.2,63.6,-10.4
Digital Ability,Age,55-64,2021,56.5,64.4,-7.9
Digital Ability,Age,55-64,2022,55.1,64.9,-9.8
Digital Ability,Age,55-64,2024,67.6,73.6,-6.0
Digital Ability,Age,65-74,2020,41.0,63.6,-22.6
Digital Ability,Age,65-74,2021,41.8,64.4,-22.6
Digital Ability,Age,65-74,2022,42.3,64.9,-22.6
Digital Ability,Age,65-74,2024,58.1,73.6,-15.5
Digital Ability,Age,75+,2020,24.5,63.6,-39.1
Digital Ability,Age,75+,2021,27.2,64.4,-37.2
Digital Ability,Age,75+,2022,23.3,64.9,-41.6
Digital Ability,Age,75+,2024,41.5,73.6,-32.1
Digital Ability,Gender,Male,2020,65.7,63.6,2.1
Digital Ability,Gender,Male,2021,65.4,64.4,1.0
Digital Ability,Gender,Male,2022,65.5,64.9,0.6
Digital Ability,Gender,Male,2024,74.8,73.6,1.2
Digital Ability,Gender,Female,2020,61.3,63.6,-2.2
Digital Ability,Gender,Female,2021,64.0,64.4,-0.4
Digital Ability,Gender,Female,2022,64.1,64.9,-0.8
Digital Ability,Gender,Female,2024,71.9,73.6,-1.7
Digital Ability,Education levels,Did not complete secondary school,2020,39.7,63.6,-23.9
Digital Ability,Education levels,Did not complete secondary school,2021,36.3,64.4,-28.1
Digital Ability,Education levels,Did not complete secondary school,2022,38.5,64.9,-26.3
Digital Ability,Education levels,Did not complete secondary school,2024,54.4,73.6,-19.1
Digital Ability,Education levels,Completed secondary school,2020,60.4,63.6,-3.2
Digital Ability,Education levels,Completed secondary school,2021,60.4,64.4,-4.0
Digital Ability,Education levels,Completed secondary school,2022,62.0,64.9,-2.8
Digital Ability,Education levels,Completed secondary school,2024,70.4,73.6,-3.1
Digital Ability,Education levels,Certificate / diploma,2020,66.7,63.6,3.1
Digital Ability,Education levels,Certificate / diploma,2021,67.7,64.4,3.3
Digital Ability,Education levels,Certificate / diploma,2022,67.2,64.9,2.4
Digital Ability,Education levels,Certificate / diploma,2024,73.6,73.6,-0.0
Digital Ability,Education levels,Bachelor and above,2020,74.7,63.6,11.1
Digital Ability,Education levels,Bachelor and above,2021,74.7,64.4,10.3
Digital Ability,Education levels,Bachelor and above,2022,75.9,64.9,11.1
Digital Ability,Education levels,Bachelor and above,2024,82.7,73.6,9.1
Digital Ability,Education levels,Other,2020,47.2,63.6,-16.4
Digital Ability,Education levels,Other,2021,52.9,64.4,-11.5
Digital Ability,Education levels,Other,2022,41.4,64.9,-23.4
Digital Ability,Education levels,Other,2024,47.1,73.6,-26.5
Digital Ability,Employment,Employed,2020,71.8,63.6,8.2
Digital Ability,Employment,Employed,2021,73.6,64.4,9.2
Digital Ability,Employment,Employed,2022,74.2,64.9,9.3
Digital Ability,Employment,Employed,2024,80.0,73.6,6.4
Digital Ability,Employment,Unemployed,2020,66.2,63.6,2.7
Digital Ability,Employment,Unemployed,2021,56.6,64.4,-7.8
Digital Ability,Employment,Unemployed,2022,61.3,64.9,-3.5
Digital Ability,Employment,Unemployed,2024,75.8,73.6,2.2
Digital Ability,Employment,Not in labour force,2020,50.7,63.6,-12.9
Digital Ability,Employment,Not in labour force,2021,50.6,64.4,-13.8
Digital Ability,Employment,Not in labour force,2022,50.0,64.9,-14.9
Digital Ability,Employment,Not in labour force,2024,62.4,73.6,-11.2
Digital Ability,People with disability,People with disability,2020,46.7,63.6,-16.9
Digital Ability,People with disability,People with disability,2021,52.3,64.4,-12.0
Digital Ability,People with disability,People with disability,2022,47.7,64.9,-17.2
Digital Ability,People with disability,People with disability,2024,62.5,73.6,-11.1
Digital Ability,People with disability,People without disability,2020,66.5,63.6,3.0
Digital Ability,People with disability,People without disability,2021,66.6,64.4,2.2
Digital Ability,People with disability,People without disability,2022,68.2,64.9,3.3
Digital Ability,People with disability,People without disability,2024,75.6,73.6,2.1
Digital Ability,First Nations,First Nations (national average),2022,60.7,64.9,-4.1
Digital Ability,First Nations,First Nations (national average),2024,68.6,73.6,-5.0
Digital Ability,First Nations,First Nations (urban),2022,69.6,64.9,4.7
Digital Ability,First Nations,First Nations (urban),2024,75.5,73.6,1.9
Digital Ability,First Nations,First Nations (inner regional),2024,64.5,73.6,-9.1
Digital Ability,First Nations,First Nations (outer regional),2024,66.7,73.6,-6.9
Digital Ability,First Nations,First Nations (remote),2022,42.2,64.9,-22.6
Digital Ability,First Nations,First Nations (remote),2024,61.5,73.6,-12.1
Digital Ability,First Nations,First Nations (very remote),2022,46.1,64.9,-18.7
Digital Ability,First Nations,First Nations (very remote),2024,56.8,73.6,-16.8
Digital Ability,Remoteness,Major Cities of Australia,2022,66.9,64.9,2.0
Digital Ability,Remoteness,Major Cities of Australia,2024,75.4,73.6,1.8
Digital Ability,Remoteness,Inner Regional Australia,2022,62.0,64.9,-2.9
Digital Ability,Remoteness,Inner Regional Australia,2024,68.6,73.6,-5.0
Digital Ability,Remoteness,Outer Regional Australia,2022,54.6,64.9,-10.2
Digital Ability,Remoteness,Outer Regional Australia,2024,68.9,73.6,-4.7
Digital Ability,Remoteness,Remote Australia,2022,61.3,64.9,-3.5
Digital Ability,Remoteness,Remote Australia,2024,71.9,73.6,-1.7
Digital Ability,Remoteness,Very Remote Australia,2022,56.6,64.9,-8.3
Digital Ability,Remoteness,Very Remote Australia,2024,63.6,73.6,-10.0
Digital Ability,Capital cities / regional,Metro,2020,67.1,63.6,3.5
Digital Ability,Capital cities / regional,Metro,2021,66.7,64.4,2.3
Digital Ability,Capital cities / regional,Metro,2022,67.4,64.9,2.6
Digital Ability,Capital cities / regional,Metro,2024,76.1,73.6,2.5
Digital Ability,Capital cities / regional,Regional,2020,56.5,63.6,-7.1
Digital Ability,Capital cities / regional,Regional,2021,59.7,64.4,-4.7
Digital Ability,Capital cities / regional,Regional,2022,59.7,64.9,-5.1
Digital Ability,Capital cities / regional,Regional,2024,68.3,73.6,-5.3
