LGA_CODE25,LGA_NAME25,ADII_name,State,ADII score,Gap from national average
89399,Unincorporated ACT,Unincorporated,ACT,79.5,6.0
10050,Albury,Albury,NSW,70.2,-3.3
10750,Blacktown,Blacktown,NSW,76.5,2.9
17000,Singleton,Singleton,NSW,73.3,-0.3
17040,Snowy Monaro,Snowy Monaro Regional,NSW,71.9,-1.6
17080,Snowy Valleys,Snowy Valleys,NSW,67.3,-6.2
17100,Strathfield,Strathfield,NSW,77.9,4.4
17150,Sutherland,Sutherland Shire,NSW,77.0,3.5
17200,Sydney,Sydney,NSW,79.7,6.2
17310,Tamworth,Tamworth Regional,NSW,69.4,-4.2
17350,Temora,Temora,NSW,66.1,-7.5
17400,Tenterfield,Tenterfield,NSW,62.4,-11.1
17420,The Hills,The Hills Shire,NSW,79.8,6.2
10800,Bland,Bland,NSW,67.4,-6.1
17550,Tweed,Tweed,NSW,68.9,-4.6
19399,Unincorporated NSW,Unincorporated,NSW,66.5,-7.1
17620,Upper Hunter,Upper Hunter Shire,NSW,69.0,-4.5
17640,Upper Lachlan,Upper Lachlan Shire,NSW,69.4,-4.1
17650,Uralla,Uralla,NSW,68.5,-5.1
17750,Wagga Wagga,Wagga Wagga,NSW,72.1,-1.5
17850,Walcha,Walcha,NSW,66.2,-7.4
17900,Walgett,Walgett,NSW,64.0,-9.6
17950,Warren,Warren,NSW,66.9,-6.7
18020,Warrumbungle,Warrumbungle Shire,NSW,64.1,-9.4
10850,Blayney,Blayney,NSW,70.2,-3.4
18050,Waverley,Waverley,NSW,81.2,7.6
18100,Weddin,Weddin,NSW,64.3,-9.3
18200,Wentworth,Wentworth,NSW,68.4,-5.2
12390,Dubbo,Dubbo,NSW,71.1,-2.5
18250,Willoughby,Willoughby,NSW,79.0,5.5
18350,Wingecarribee,Wingecarribee,NSW,71.5,-2.1
18400,Wollondilly,Wollondilly,NSW,74.8,1.3
18450,Wollongong,Wollongong,NSW,73.4,-0.2
18500,Woollahra,Woollahra,NSW,80.5,6.9
18710,Yass Valley,Yass Valley,NSW,75.7,2.2
10900,Blue Mountains,Blue Mountains,NSW,74.1,0.6
10950,Bogan,Bogan,NSW,67.7,-5.9
11150,Bourke,Bourke,NSW,62.3,-11.3
11200,Brewarrina,Brewarrina,NSW,57.3,-16.3
11250,Broken Hill,Broken Hill,NSW,66.2,-7.4
11300,Burwood,Burwood,NSW,75.5,2.0
11350,Byron,Byron,NSW,72.8,-0.7
10180,Armidale,Armidale Regional,NSW,70.5,-3.1
11400,Cabonne,Cabonne,NSW,70.5,-3.1
11450,Camden,Camden,NSW,78.1,4.5
11500,Campbelltown (NSW),Campbelltown,NSW,73.5,-0.0
11520,Canada Bay,Canada Bay,NSW,78.2,4.6
11570,Canterbury-Bankstown,Canterbury-Bankstown,NSW,72.6,-1.0
11600,Carrathool,Carrathool,NSW,69.7,-3.9
11650,Central Coast (NSW),Central Coast,NSW,71.4,-2.2
11700,Central Darling,Central Darling,NSW,57.6,-16.0
11720,Cessnock,Cessnock,NSW,70.6,-3.0
11730,Clarence Valley,Clarence Valley,NSW,65.4,-8.2
10250,Ballina,Ballina,NSW,69.5,-4.0
11750,Cobar,Cobar,NSW,69.4,-4.2
11800,Coffs Harbour,Coffs Harbour,NSW,69.3,-4.2
12000,Coolamon,Coolamon,NSW,67.6,-6.0
12150,Coonamble,Coonamble,NSW,64.9,-8.6
12160,Cootamundra-Gundagai,Cootamundra-Gundagai Regional,NSW,66.0,-7.6
12350,Cowra,Cowra,NSW,65.6,-8.0
12380,Cumberland,Cumberland,NSW,73.9,0.3
12700,Dungog,Dungog,NSW,69.9,-3.6
12730,Edward River,Edward River,NSW,67.0,-6.5
12750,Eurobodalla,Eurobodalla,NSW,65.9,-7.6
10300,Balranald,Balranald,NSW,67.7,-5.9
12850,Fairfield,Fairfield,NSW,70.2,-3.4
12870,Federation,Federation,NSW,65.6,-8.0
12900,Forbes,Forbes,NSW,67.2,-6.3
12930,Georges River,Georges River,NSW,75.6,2.0
12950,Gilgandra,Gilgandra,NSW,65.1,-8.5
13010,Glen Innes Severn,Glen Innes Severn,NSW,63.5,-10.0
13310,Goulburn Mulwaree,Goulburn Mulwaree,NSW,69.4,-4.1
13340,Greater Hume,Greater Hume Shire,NSW,69.3,-4.3
13450,Griffith,Griffith,NSW,71.6,-2.0
13550,Gunnedah,Gunnedah,NSW,69.6,-3.9
10470,Bathurst,Bathurst Regional,NSW,71.5,-2.1
13660,Gwydir,Gwydir,NSW,63.5,-10.1
13800,Hawkesbury,Hawkesbury,NSW,74.5,0.9
13850,Hay,Hay,NSW,66.2,-7.4
13910,Hilltops,Hilltops,NSW,66.7,-6.8
14000,Hornsby,Hornsby,NSW,78.1,4.5
14100,Hunters Hill,Hunters Hill,NSW,78.4,4.9
14170,Inner West,Inner West,NSW,78.6,5.0
14220,Inverell,Inverell,NSW,66.0,-7.6
14300,Junee,Junee,NSW,68.6,-4.9
14350,Kempsey,Kempsey,NSW,65.1,-8.4
10500,Bayside (NSW),Bayside,NSW,75.7,2.2
14400,Kiama,Kiama,NSW,73.3,-0.3
14500,Ku-ring-gai,Ku-ring-gai,NSW,79.5,6.0
14550,Kyogle,Kyogle,NSW,64.4,-9.2
14600,Lachlan,Lachlan,NSW,65.6,-7.9
14650,Lake Macquarie,Lake Macquarie,NSW,72.1,-1.5
14700,Lane Cove,Lane Cove,NSW,80.9,7.4
14750,Leeton,Leeton,NSW,68.8,-4.7
14850,Lismore,Lismore,NSW,69.3,-4.2
14870,Lithgow,Lithgow,NSW,67.4,-6.2
14900,Liverpool,Liverpool,NSW,74.3,0.7
10550,Bega Valley,Bega Valley,NSW,66.8,-6.8
14920,Liverpool Plains,Liverpool Plains,NSW,65.6,-7.9
14950,Lockhart,Lockhart,NSW,67.1,-6.5
15050,Maitland,Maitland,NSW,73.5,-0.0
15240,Mid-Coast,Mid-Coast,NSW,64.4,-9.2
15270,Mid-Western,Mid-Western Regional,NSW,69.6,-4.0
15300,Moree Plains,Moree Plains,NSW,69.5,-4.1
15350,Mosman,Mosman,NSW,79.5,5.9
15520,Murray River,Murray River,NSW,66.9,-6.6
15560,Murrumbidgee,Murrumbidgee,NSW,68.2,-5.3
15650,Muswellbrook,Muswellbrook,NSW,70.4,-3.1
10600,Bellingen,Bellingen,NSW,67.1,-6.4
15700,Nambucca Valley,Nambucca,NSW,64.0,-9.6
15750,Narrabri,Narrabri,NSW,69.1,-4.5
15800,Narrandera,Narrandera,NSW,65.4,-8.1
15850,Narromine,Narromine,NSW,67.3,-6.2
15900,Newcastle,Newcastle,NSW,74.4,0.9
15950,North Sydney,North Sydney,NSW,80.7,7.1
15990,Northern Beaches,Northern Beaches,NSW,78.6,5.1
16100,Oberon,Oberon,NSW,68.7,-4.9
16150,Orange,Orange,NSW,71.5,-2.1
16200,Parkes,Parkes,NSW,67.8,-5.7
10650,Berrigan,Berrigan,NSW,64.9,-8.7
16260,Parramatta,Parramatta,NSW,77.0,3.4
16350,Penrith,Penrith,NSW,74.8,1.3
16380,Port Macquarie-Hastings,Port Macquarie-Hastings,NSW,67.2,-6.3
16400,Port Stephens,Port Stephens,NSW,68.9,-4.7
16490,Queanbeyan-Palerang,Queanbeyan-Palerang Regional,NSW,77.6,4.1
16550,Randwick,Randwick,NSW,78.3,4.8
16610,Richmond Valley,Richmond Valley,NSW,65.6,-8.0
16700,Ryde,Ryde,NSW,77.4,3.9
16900,Shellharbour,Shellharbour,NSW,72.1,-1.4
16950,Shoalhaven,Shoalhaven,NSW,67.3,-6.2
70200,Alice Springs,Alice Springs,NT,74.4,0.9
70420,Barkly,Barkly,NT,59.8,-13.8
70540,Belyuen,Belyuen,NT,55.7,-17.8
70620,Central Desert,Central Desert,NT,55.5,-18.1
70700,Coomalie,Coomalie,NT,64.8,-8.7
71000,Darwin,Darwin,NT,76.6,3.0
71150,Darwin Waterfront Precinct,Darwin Waterfront Precinct,NT,81.2,7.6
71500,East Arnhem,East Arnhem,NT,59.6,-14.0
71700,Groote Archipelago,Groote Archipelago,NT,53.5,-20.1
72200,Katherine,Katherine,NT,72.8,-0.8
72300,Litchfield,Litchfield,NT,75.2,1.6
72330,MacDonnell,MacDonnell,NT,58.6,-15.0
72800,Palmerston,Palmerston,NT,76.6,3.0
73600,Roper Gulf,Roper Gulf,NT,58.7,-14.8
74050,Tiwi Islands,Tiwi Islands,NT,56.4,-17.2
74550,Victoria Daly,Victoria Daly,NT,60.2,-13.4
74560,Wagait,Wagait,NT,67.2,-6.4
74660,West Arnhem,West Arnhem,NT,62.2,-11.3
74680,West Daly,West Daly,NT,58.2,-15.4
79399,Unincorporated NT,Unincorporated,NT,70.8,-2.7
30250,Aurukun,Aurukun,QLD,55.2,-18.3
31820,Bundaberg,Bundaberg,QLD,66.3,-7.3
31900,Burdekin,Burdekin,QLD,67.4,-6.2
31950,Burke,Burke,QLD,63.0,-10.5
32080,Cairns,Cairns,QLD,71.7,-1.9
32250,Carpentaria,Carpentaria,QLD,59.9,-13.7
32260,Cassowary Coast,Cassowary Coast,QLD,66.2,-7.3
32270,Central Highlands (Qld),Central Highlands,QLD,73.7,0.1
32310,Charters Towers,Charters Towers,QLD,66.3,-7.3
32330,Cherbourg,Cherbourg,QLD,60.8,-12.7
32450,Cloncurry,Cloncurry,QLD,68.1,-5.4
30300,Balonne,Balonne,QLD,66.2,-7.4
32500,Cook,Cook,QLD,66.1,-7.5
32600,Croydon,Croydon,QLD,61.6,-12.0
32750,Diamantina,Diamantina,QLD,66.3,-7.3
32770,Doomadgee,Doomadgee,QLD,58.2,-15.3
32810,Douglas,Douglas,QLD,68.9,-4.7
33100,Etheridge,Etheridge,QLD,60.6,-13.0
33200,Flinders (Qld),Flinders,QLD,60.9,-12.7
33220,Fraser Coast,Fraser Coast,QLD,64.6,-8.9
33360,Gladstone,Gladstone,QLD,71.0,-2.6
33430,Gold Coast,Gold Coast,QLD,73.7,0.2
30370,Banana,Banana,QLD,70.8,-2.8
33610,Goondiwindi,Goondiwindi,QLD,68.3,-5.2
33620,Gympie,Gympie,QLD,65.6,-7.9
33800,Hinchinbrook,Hinchinbrook,QLD,64.7,-8.9
33830,Hope Vale,Hope Vale,QLD,61.4,-12.2
33960,Ipswich,Ipswich,QLD,73.6,0.0
33980,Isaac,Isaac,QLD,75.9,2.4
34420,Kowanyama,Kowanyama,QLD,56.2,-17.4
34530,Livingstone,Livingstone,QLD,70.8,-2.8
34570,Lockhart River,Lockhart River,QLD,56.1,-17.5
34580,Lockyer Valley,Lockyer Valley,QLD,69.8,-3.8
30410,Barcaldine,Barcaldine,QLD,61.7,-11.8
34590,Logan,Logan,QLD,73.1,-0.4
34710,Longreach,Longreach,QLD,63.7,-9.9
34770,Mackay,Mackay,QLD,72.3,-1.3
34830,Mapoon,Mapoon,QLD,56.6,-17.0
34860,Maranoa,Maranoa,QLD,69.4,-4.2
34880,Mareeba,Mareeba,QLD,67.3,-6.2
34800,McKinlay,McKinlay,QLD,66.8,-6.7
35010,Moreton Bay,Moreton Bay,QLD,72.8,-0.8
35250,Mornington,Mornington,QLD,54.6,-19.0
35300,Mount Isa,Mount Isa,QLD,73.9,0.4
30450,Barcoo,Barcoo,QLD,64.0,-9.5
35600,Murweh,Murweh,QLD,60.9,-12.7
35670,Napranum,Napranum,QLD,56.1,-17.5
35740,Noosa,Noosa,QLD,70.8,-2.8
35760,North Burnett,North Burnett,QLD,64.1,-9.5
35780,Northern Peninsula Area,Northern Peninsula Area,QLD,61.3,-12.3
35790,Palm Island,Palm Island,QLD,62.0,-11.6
35800,Paroo,Paroo,QLD,56.7,-16.8
36070,Pormpuraaw,Pormpuraaw,QLD,55.4,-18.2
36150,Quilpie,Quilpie,QLD,62.8,-10.8
36250,Redland,Redland,QLD,73.1,-0.4
30760,Blackall Tambo,Blackall-Tambo,QLD,59.7,-13.9
36300,Richmond,Richmond,QLD,64.5,-9.1
36370,Rockhampton,Rockhampton,QLD,70.3,-3.2
36510,Scenic Rim,Scenic Rim,QLD,69.6,-3.9
36580,Somerset,Somerset,QLD,67.8,-5.7
36630,South Burnett,South Burnett,QLD,64.7,-8.8
36660,Southern Downs,Southern Downs,QLD,65.4,-8.1
36720,Sunshine Coast,Sunshine Coast,QLD,72.3,-1.3
36820,Tablelands,Tablelands,QLD,66.2,-7.3
36910,Toowoomba,Toowoomba,QLD,70.1,-3.4
36950,Torres,Torres,QLD,65.8,-7.7
30900,Boulia,Boulia,QLD,62.1,-11.5
36960,Torres Strait Island,Torres Strait Island,QLD,56.8,-16.8
37010,Townsville,Townsville,QLD,72.4,-1.1
37300,Weipa,Weipa,QLD,73.6,0.0
37310,Western Downs,Western Downs,QLD,68.8,-4.8
37340,Whitsunday,Whitsunday,QLD,69.8,-3.8
37400,Winton,Winton,QLD,61.1,-12.5
37550,Woorabinda,Woorabinda,QLD,59.2,-14.4
37570,Wujal Wujal,Wujal Wujal,QLD,58.6,-15.0
37600,Yarrabah,Yarrabah,QLD,63.6,-10.0
31000,Brisbane,Brisbane,QLD,77.3,3.7
31750,Bulloo,Bulloo,QLD,65.7,-7.8
40070,Adelaide,Adelaide,SA,74.5,1.0
40910,Campbelltown (SA),Campbelltown,SA,73.2,-0.4
41010,Ceduna,Ceduna,SA,61.6,-12.0
41060,Charles Sturt,Charles Sturt,SA,72.7,-0.9
41140,Clare and Gilbert Valleys,Clare and Gilbert Valleys,SA,67.9,-5.7
41190,Cleve,Cleve,SA,65.3,-8.3
41330,Coober Pedy,Coober Pedy,SA,56.8,-16.7
41560,Copper Coast,Copper Coast,SA,63.1,-10.4
41750,Elliston,Elliston,SA,62.1,-11.5
41830,Flinders Ranges,Flinders Ranges,SA,64.1,-9.5
41960,Franklin Harbour,Franklin Harbour,SA,64.9,-8.7
40120,Adelaide Hills,Adelaide Hills,SA,75.5,2.0
42030,Gawler,Gawler,SA,69.6,-4.0
42110,Goyder,Goyder,SA,63.2,-10.4
42250,Grant,Grant,SA,70.8,-2.8
42600,Holdfast Bay,Holdfast Bay,SA,72.8,-0.7
42750,Kangaroo Island,Kangaroo Island,SA,66.0,-7.6
43080,Karoonda East Murray,Karoonda East Murray,SA,63.2,-10.3
43220,Kimba,Kimba,SA,66.1,-7.5
43360,Kingston (SA),Kingston,SA,64.3,-9.2
43650,Light,Light (RegC),SA,72.6,-1.0
43710,Lower Eyre,Lower Eyre Peninsula,SA,69.3,-4.3
40150,Adelaide Plains,Adelaide Plains,SA,71.3,-2.2
43790,Loxton Waikerie,Loxton Waikerie,SA,65.7,-7.9
44000,Maralinga Tjarutja,Maralinga Tjarutja,SA,56.9,-16.6
44060,Marion,Marion,SA,73.1,-0.4
44210,Mid Murray,Mid Murray,SA,63.0,-10.5
44340,Mitcham,Mitcham,SA,75.9,2.4
44550,Mount Barker,Mount Barker,SA,73.8,0.2
44620,Mount Gambier,Mount Gambier,SA,67.4,-6.2
44830,Mount Remarkable,Mount Remarkable,SA,64.5,-9.0
45040,Murray Bridge,Murray Bridge,SA,65.8,-7.8
45090,Naracoorte Lucindale,Naracoorte and Lucindale,SA,68.7,-4.9
40220,Alexandrina,Alexandrina,SA,66.2,-7.3
45120,Northern Areas,Northern Areas,SA,65.7,-7.9
45290,Norwood Payneham and St Peters,Norwood Payneham St Peters,SA,74.4,0.8
45340,Onkaparinga,Onkaparinga,SA,71.1,-2.4
45400,Orroroo Carrieton,Orroroo/Carrieton,SA,64.7,-8.9
45540,Peterborough,Peterborough,SA,59.4,-14.2
45680,Playford,Playford,SA,69.7,-3.9
45890,Port Adelaide Enfield,Port Adelaide Enfield,SA,72.2,-1.4
46090,Port Augusta,Port Augusta,SA,67.2,-6.4
46300,Port Lincoln,Port Lincoln,SA,67.1,-6.5
46450,Port Pirie,Port Pirie City and Dists,SA,65.2,-8.4
40250,Anangu Pitjantjatjara Yankunytjatjara,Anangu Pitjantjatjara,SA,57.2,-16.4
46510,Prospect,Prospect,SA,76.9,3.3
46670,Renmark Paringa,Renmark Paringa,SA,66.7,-6.9
46860,Robe,Robe,SA,67.5,-6.1
46970,Roxby Downs,Roxby Downs,SA,80.5,6.9
47140,Salisbury,Salisbury,SA,70.3,-3.2
47290,Southern Mallee,Southern Mallee,SA,66.7,-6.9
47490,Streaky Bay,Streaky Bay,SA,59.6,-14.0
47630,Tatiara,Tatiara,SA,69.3,-4.2
47700,Tea Tree Gully,Tea Tree Gully,SA,73.0,-0.6
47800,Coorong,The Coorong,SA,64.3,-9.2
40310,Barossa,Barossa,SA,70.1,-3.4
47910,Tumby Bay,Tumby Bay,SA,63.9,-9.7
49399,Unincorporated SA,Unincorporated,SA,61.9,-11.7
47980,Unley,Unley,SA,76.1,2.6
48050,Victor Harbor,Victor Harbor,SA,62.7,-10.9
48130,Wakefield,Wakefield,SA,65.8,-7.8
48260,Walkerville,Walkerville,SA,76.1,2.5
48340,Wattle Range,Wattle Range,SA,66.0,-7.5
48410,West Torrens,West Torrens,SA,73.7,0.1
48540,Whyalla,Whyalla,SA,67.3,-6.3
48640,Wudinna,Wudinna,SA,61.9,-11.6
40430,Barunga West,Barunga West,SA,62.8,-10.8
48750,Yankalilla,Yankalilla,SA,64.8,-8.7
48830,Yorke Peninsula,Yorke Peninsula,SA,62.6,-11.0
40520,Berri Barmera,Berri and Barmera,SA,66.1,-7.4
40700,Burnside,Burnside,SA,76.4,2.8
60210,Break O'Day,Break O'Day,TAS,62.0,-11.5
60410,Brighton,Brighton,TAS,69.3,-4.3
60610,Burnie,Burnie,TAS,67.5,-6.0
60810,Central Coast (Tas.),Central Coast,TAS,66.6,-7.0
61010,Central Highlands (Tas.),Central Highlands,TAS,64.6,-9.0
61210,Circular Head,Circular Head,TAS,66.7,-6.8
61410,Clarence,Clarence,TAS,71.8,-1.8
61510,Derwent Valley,Derwent Valley,TAS,67.1,-6.4
61610,Devonport,Devonport,TAS,66.2,-7.4
61810,Dorset,Dorset,TAS,64.4,-9.2
62010,Flinders (Tas.),Flinders,TAS,57.9,-15.6
62210,George Town,George Town,TAS,64.3,-9.2
62410,Glamorgan-Spring Bay,Glamorgan/Spring Bay,TAS,63.9,-9.7
62610,Glenorchy,Glenorchy,TAS,69.7,-3.8
62810,Hobart,Hobart,TAS,75.3,1.8
63010,Huon Valley,Huon Valley,TAS,68.2,-5.4
63210,Kentish,Kentish,TAS,66.9,-6.6
63410,King Island,King Island,TAS,62.0,-11.5
63610,Kingborough,Kingborough,TAS,72.8,-0.8
63810,Latrobe (Tas.),Latrobe,TAS,66.7,-6.9
64010,Launceston,Launceston,TAS,69.5,-4.1
64210,Meander Valley,Meander Valley,TAS,67.8,-5.8
64610,Northern Midlands,Northern Midlands,TAS,67.5,-6.1
64810,Sorell,Sorell,TAS,69.4,-4.1
65010,Southern Midlands,Southern Midlands,TAS,67.8,-5.8
65210,Tasman,Tasman,TAS,62.6,-11.0
65410,Waratah-Wynyard,Waratah/Wynyard,TAS,65.8,-7.8
65610,West Coast,West Coast,TAS,64.5,-9.1
65810,West Tamar,West Tamar,TAS,69.5,-4.1
20110,Alpine,Alpine,VIC,68.8,-4.7
21180,Brimbank,Brimbank,VIC,71.8,-1.8
21270,Buloke,Buloke,VIC,65.0,-8.6
21370,Campaspe,Campaspe,VIC,67.4,-6.2
21450,Cardinia,Cardinia,VIC,75.1,1.5
21610,Casey,Casey,VIC,75.6,2.0
21670,Central Goldfields,Central Goldfields,VIC,62.7,-10.9
21750,Colac Otway,Colac-Otway,VIC,68.5,-5.1
21830,Corangamite,Corangamite,VIC,67.5,-6.1
21890,Darebin,Darebin,VIC,75.3,1.8
22110,East Gippsland,East Gippsland,VIC,65.3,-8.3
20260,Ararat,Ararat,VIC,67.3,-6.2
22170,Frankston,Frankston,VIC,73.4,-0.2
22250,Gannawarra,Gannawarra,VIC,64.2,-9.3
22310,Glen Eira,Glen Eira,VIC,77.8,4.2
22410,Glenelg,Glenelg,VIC,66.4,-7.1
22490,Golden Plains,Golden Plains,VIC,73.3,-0.2
22620,Greater Bendigo,Greater Bendigo,VIC,70.4,-3.1
22670,Greater Dandenong,Greater Dandenong,VIC,71.6,-1.9
22750,Greater Geelong,Greater Geelong,VIC,72.7,-0.8
22830,Greater Shepparton,Greater Shepparton,VIC,69.3,-4.3
22910,Hepburn,Hepburn,VIC,68.4,-5.2
20570,Ballarat,Ballarat,VIC,70.9,-2.7
22980,Hindmarsh,Hindmarsh,VIC,65.5,-8.1
23110,Hobsons Bay,Hobsons Bay,VIC,74.8,1.2
23190,Horsham,Horsham,VIC,69.1,-4.5
23270,Hume,Hume,VIC,73.7,0.2
23350,Indigo,Indigo,VIC,70.5,-3.1
23430,Kingston (Vic.),Kingston,VIC,75.1,1.5
23670,Knox,Knox,VIC,75.0,1.4
23810,Latrobe (Vic.),Latrobe,VIC,68.0,-5.5
23940,Loddon,Loddon,VIC,64.5,-9.1
24130,Macedon Ranges,Macedon Ranges,VIC,74.5,0.9
20660,Banyule,Banyule,VIC,76.2,2.6
24210,Manningham,Manningham,VIC,74.6,1.0
24250,Mansfield,Mansfield,VIC,68.8,-4.8
24330,Maribyrnong,Maribyrnong,VIC,77.0,3.4
24410,Maroondah,Maroondah,VIC,75.1,1.5
24600,Melbourne,Melbourne,VIC,77.5,4.0
24650,Melton,Melton,VIC,75.6,2.0
24780,Mildura,Mildura,VIC,68.5,-5.1
24850,Mitchell,Mitchell,VIC,72.8,-0.7
24900,Moira,Moira,VIC,66.3,-7.3
24970,Monash,Monash,VIC,75.3,1.8
20740,Bass Coast,Bass Coast,VIC,66.8,-6.7
25060,Moonee Valley,Moonee Valley,VIC,75.8,2.3
25150,Moorabool,Moorabool,VIC,73.4,-0.2
24700,Merri-bek,Moreland,VIC,76.4,2.8
25340,Mornington Peninsula,Mornington Peninsula,VIC,71.8,-1.7
25430,Mount Alexander,Mount Alexander,VIC,68.4,-5.2
25490,Moyne,Moyne,VIC,70.4,-3.2
25620,Murrindindi,Murrindindi,VIC,68.4,-5.2
25710,Nillumbik,Nillumbik,VIC,78.3,4.8
25810,Northern Grampians,Northern Grampians,VIC,66.2,-7.4
25900,Port Phillip,Port Phillip,VIC,78.3,4.8
20830,Baw Baw,Baw Baw,VIC,70.3,-3.3
25990,Pyrenees,Pyrenees,VIC,65.8,-7.7
26080,Queenscliffe,Queenscliffe,VIC,69.9,-3.7
26170,South Gippsland,South Gippsland,VIC,67.9,-5.7
26260,Southern Grampians,Southern Grampians,VIC,67.5,-6.1
26350,Stonnington,Stonnington,VIC,79.1,5.5
26430,Strathbogie,Strathbogie,VIC,66.5,-7.0
26490,Surf Coast,Surf Coast,VIC,75.2,1.6
26610,Swan Hill,Swan Hill,VIC,68.6,-4.9
26670,Towong,Towong,VIC,67.2,-6.4
29399,Unincorporated Vic,Unincorporated,VIC,78.1,4.5
20910,Bayside (Vic.),Bayside,VIC,78.0,4.5
26700,Wangaratta,Wangaratta,VIC,68.7,-4.9
26730,Warrnambool,Warrnambool,VIC,70.1,-3.4
26810,Wellington,Wellington,VIC,68.0,-5.5
26890,West Wimmera,West Wimmera,VIC,66.4,-7.1
26980,Whitehorse,Whitehorse,VIC,75.2,1.7
27070,Whittlesea,Whittlesea,VIC,74.2,0.6
27170,Wodonga,Wodonga,VIC,71.0,-2.6
27260,Wyndham,Wyndham,VIC,77.1,3.5
27350,Yarra,Yarra,VIC,80.0,6.5
27450,Yarra Ranges,Yarra Ranges,VIC,74.5,0.9
21010,Benalla,Benalla,VIC,66.6,-6.9
27630,Yarriambiack,Yarriambiack,VIC,64.6,-9.0
21110,Boroondara,Boroondara,VIC,78.6,5.1
50080,Albany,Albany,WA,68.2,-5.4
50770,Boyup Brook,Boyup Brook,WA,67.1,-6.4
57080,Perth,Perth,WA,77.7,4.2
57140,Pingelly,Pingelly,WA,63.7,-9.9
57210,Plantagenet,Plantagenet,WA,66.8,-6.8
57280,Port Hedland,Port Hedland,WA,76.7,3.1
57350,Quairading,Quairading,WA,64.1,-9.5
57420,Ravensthorpe,Ravensthorpe,WA,63.8,-9.7
57490,Rockingham,Rockingham,WA,73.3,-0.2
57630,Sandstone,Sandstone,WA,58.5,-15.1
57700,Serpentine-Jarrahdale,Serpentine-Jarrahdale,WA,76.1,2.5
57770,Shark Bay,Shark Bay,WA,61.6,-11.9
50840,Bridgetown-Greenbushes,Bridgetown-Greenbushes,WA,67.1,-6.4
57840,South Perth,South Perth,WA,76.7,3.1
57910,Stirling,Stirling,WA,75.1,1.5
57980,Subiaco,Subiaco,WA,77.7,4.2
58050,Swan,Swan,WA,74.7,1.1
58190,Tammin,Tammin,WA,67.0,-6.6
58260,Three Springs,Three Springs,WA,67.1,-6.5
58330,Toodyay,Toodyay,WA,67.6,-6.0
58400,Trayning,Trayning,WA,61.2,-12.4
58470,Upper Gascoyne,Upper Gascoyne,WA,62.0,-11.6
58510,Victoria Park,Victoria Park,WA,76.1,2.5
50910,Brookton,Brookton,WA,65.6,-8.0
58540,Victoria Plains,Victoria Plains,WA,69.9,-3.6
58570,Vincent,Vincent,WA,78.9,5.3
58610,Wagin,Wagin,WA,65.5,-8.0
58680,Wandering,Wandering,WA,70.0,-3.6
58760,Wanneroo,Wanneroo,WA,75.0,1.5
58820,Waroona,Waroona,WA,67.6,-6.0
58890,West Arthur,West Arthur,WA,68.1,-5.5
59030,Westonia,Westonia,WA,67.3,-6.2
59100,Wickepin,Wickepin,WA,66.6,-6.9
59170,Williams,Williams,WA,71.4,-2.1
50980,Broome,Broome,WA,72.0,-1.5
59250,Wiluna,Wiluna,WA,60.7,-12.8
59310,Wongan-Ballidu,Wongan-Ballidu,WA,67.3,-6.3
59320,Woodanilling,Woodanilling,WA,69.4,-4.2
59330,Wyalkatchem,Wyalkatchem,WA,63.8,-9.8
59340,Wyndham-East Kimberley,Wyndham-East Kimberley,WA,65.1,-8.5
59350,Yalgoo,Yalgoo,WA,64.1,-9.4
59360,Yilgarn,Yilgarn,WA,68.8,-4.8
59370,York,York,WA,65.6,-7.9
51080,Broomehill-Tambellup,Broomehill-Tambellup,WA,69.0,-4.5
51120,Bruce Rock,Bruce Rock,WA,66.5,-7.1
51190,Bunbury,Bunbury,WA,68.5,-5.1
51260,Busselton,Busselton,WA,70.2,-3.4
51310,Cambridge,Cambridge,WA,79.4,5.9
51330,Canning,Canning,WA,75.5,2.0
50210,Armadale,Armadale,WA,74.7,1.1
51400,Capel,Capel,WA,73.6,0.0
51470,Carnamah,Carnamah,WA,66.3,-7.3
51540,Carnarvon,Carnarvon,WA,61.5,-12.0
51610,Chapman Valley,Chapman Valley,WA,72.1,-1.5
51680,Chittering,Chittering,WA,72.8,-0.8
51750,Claremont,Claremont,WA,77.1,3.6
51820,Cockburn,Cockburn,WA,75.8,2.3
51890,Collie,Collie,WA,66.6,-7.0
51960,Coolgardie,Coolgardie,WA,68.3,-5.3
52030,Coorow,Coorow,WA,64.1,-9.4
50250,Ashburton,Ashburton,WA,70.3,-3.3
52100,Corrigin,Corrigin,WA,67.9,-5.7
52170,Cottesloe,Cottesloe,WA,80.1,6.6
52240,Cranbrook,Cranbrook,WA,67.6,-6.0
52310,Cuballing,Cuballing,WA,66.3,-7.3
52380,Cue,Cue,WA,59.4,-14.1
52450,Cunderdin,Cunderdin,WA,69.7,-3.9
52520,Dalwallinu,Dalwallinu,WA,71.8,-1.8
52590,Dandaragan,Dandaragan,WA,67.1,-6.4
52660,Dardanup,Dardanup,WA,71.3,-2.2
52730,Denmark,Denmark,WA,67.1,-6.5
50280,Augusta Margaret River,Augusta-Margaret River,WA,71.6,-2.0
52800,Derby-West Kimberley,Derby-West Kimberley,WA,59.5,-14.1
52870,Donnybrook-Balingup,Donnybrook-Balingup,WA,68.2,-5.4
52940,Dowerin,Dowerin,WA,66.6,-7.0
53010,Dumbleyung,Dumbleyung,WA,67.4,-6.2
53080,Dundas,Dundas,WA,56.1,-17.5
53150,East Fremantle,East Fremantle,WA,77.4,3.8
53220,East Pilbara,East Pilbara,WA,68.9,-4.6
53290,Esperance,Esperance,WA,69.1,-4.5
53360,Exmouth,Exmouth,WA,67.2,-6.4
53430,Fremantle,Fremantle,WA,75.1,1.5
50350,Bassendean,Bassendean,WA,73.9,0.4
53570,Gingin,Gingin,WA,67.5,-6.1
53640,Gnowangerup,Gnowangerup,WA,70.2,-3.4
53710,Goomalling,Goomalling,WA,66.2,-7.3
53780,Gosnells,Gosnells,WA,73.4,-0.2
53800,Greater Geraldton,Greater Geraldton,WA,69.8,-3.8
53920,Halls Creek,Halls Creek,WA,57.8,-15.8
53990,Harvey,Harvey,WA,71.6,-2.0
54060,Irwin,Irwin,WA,65.5,-8.1
54130,Jerramungup,Jerramungup,WA,69.3,-4.3
54170,Joondalup,Joondalup,WA,76.5,2.9
50420,Bayswater,Bayswater,WA,74.3,0.8
54200,Kalamunda,Kalamunda,WA,74.1,0.6
54280,Kalgoorlie-Boulder,Kalgoorlie/Boulder,WA,76.1,2.5
54310,Karratha,Karratha,WA,78.5,4.9
54340,Katanning,Katanning,WA,67.2,-6.4
54410,Kellerberrin,Kellerberrin,WA,64.5,-9.0
54480,Kent,Kent,WA,72.5,-1.0
54550,Kojonup,Kojonup,WA,69.0,-4.6
54620,Kondinin,Kondinin,WA,65.4,-8.1
54690,Koorda,Koorda,WA,65.4,-8.2
54760,Kulin,Kulin,WA,70.7,-2.8
50490,Belmont,Belmont,WA,74.0,0.4
54830,Kwinana,Kwinana,WA,74.2,0.6
54900,Lake Grace,Lake Grace,WA,69.9,-3.6
54970,Laverton,Laverton,WA,60.8,-12.7
55040,Leonora,Leonora,WA,66.5,-7.0
55110,Mandurah,Mandurah,WA,68.8,-4.7
55180,Manjimup,Manjimup,WA,66.8,-6.7
55250,Meekatharra,Meekatharra,WA,61.5,-12.1
55320,Melville,Melville,WA,76.1,2.6
55390,Menzies,Menzies,WA,61.0,-12.6
55460,Merredin,Merredin,WA,68.4,-5.1
50560,Beverley,Beverley,WA,64.2,-9.4
55530,Mingenew,Mingenew,WA,68.8,-4.7
55600,Moora,Moora,WA,68.3,-5.3
55670,Morawa,Morawa,WA,66.8,-6.8
55740,Mosman Park,Mosman Park,WA,77.0,3.5
55810,Mount Magnet,Mount Magnet,WA,60.8,-12.7
55880,Mount Marshall,Mount Marshall,WA,67.3,-6.3
55950,Mukinbudin,Mukinbudin,WA,67.4,-6.1
56090,Mundaring,Mundaring,WA,74.0,0.5
56160,Murchison,Murchison,WA,62.5,-11.0
56230,Murray,Murray,WA,69.2,-4.4
50630,Boddington,Boddington,WA,70.2,-3.4
56300,Nannup,Nannup,WA,64.8,-8.7
56370,Narembeen,Narembeen,WA,68.2,-5.4
56460,Narrogin,Narrogin,WA,68.2,-5.3
56580,Nedlands,Nedlands,WA,79.7,6.1
56620,Ngaanyatjarraku,Ngaanyatjarraku,WA,55.9,-17.6
56730,Northam,Northam,WA,68.0,-5.6
56790,Northampton,Northampton,WA,64.9,-8.7
56860,Nungarin,Nungarin,WA,64.9,-8.7
56930,Peppermint Grove,Peppermint Grove,WA,80.8,7.3
57000,Perenjori,Perenjori,WA,71.5,-2.1
